{
  "controller/MasterPage.controller.js": 1717412976008,
  "Component.js": 1717412975992,
  "i18n/i18n.properties": 1717413124454,
  "controller/App.controller.js": 1717412976000,
  "manifest.json": 1717413419396,
  "model/models.js": 1717412976000,
  "controller/App-dbg.controller.js": 1717412976000,
  "controller/App.controller.js.map": 1717413419603,
  "controller/MasterPage-dbg.controller.js": 1717412976008,
  "controller/MasterPage.controller.js.map": 1717413419598,
  "Component-dbg.js": 1717412975992,
  "Component.js.map": 1717413419608,
  "model/models-dbg.js": 1717412976000,
  "model/models.js.map": 1717413419600,
  "Component-preload.js": 1717413419713,
  "Component-preload.js.map": 1717413419713,
  "view/MasterPage.view.xml": 1717412976004,
  "view/App.view.xml": 1717412976004,
  "css/style.css": 1717412976004,
  "index.html": 1717412975992
}