{
  "controller/App-dbg.controller.js": 1717069120634,
  "controller/View1.controller.js": 1717411408914,
  "model/models.js": 1717069120634,
  "controller/App.controller.js": 1717069120634,
  "manifest.json": 1717411423994,
  "Component.js": 1717069120626,
  "Component-dbg.js": 1717069120626,
  "Component.js.map": 1717411424322,
  "model/models-dbg.js": 1717069120634,
  "model/models.js.map": 1717411424317,
  "i18n/i18n.properties": 1717069146230,
  "controller/App.controller.js.map": 1717411424320,
  "controller/View1-dbg.controller.js": 1717411408914,
  "controller/View1.controller.js.map": 1717411424318,
  "Component-preload.js": 1717411424577,
  "Component-preload.js.map": 1717411424577,
  "view/View1.view.xml": 1717410413260,
  "view/App.view.xml": 1717069120638,
  "css/style.css": 1717069120638,
  "index.html": 1717069120626
}