{
  "controller/App.controller.js.map": 1717413141439,
  "model/models.js": 1717412212991,
  "controller/MasterPage.controller.js": 1717412212999,
  "controller/App.controller.js": 1717412212991,
  "manifest.json": 1717413141251,
  "Component.js": 1717412212983,
  "model/models-dbg.js": 1717412212991,
  "model/models.js.map": 1717413141440,
  "controller/MasterPage-dbg.controller.js": 1717412212999,
  "controller/MasterPage.controller.js.map": 1717413141440,
  "controller/App-dbg.controller.js": 1717412212991,
  "i18n/i18n.properties": 1717413035487,
  "Component-dbg.js": 1717412212983,
  "Component.js.map": 1717413141439,
  "Component-preload.js": 1717413141678,
  "Component-preload.js.map": 1717413141678,
  "view/MasterPage.view.xml": 1717412212999,
  "view/App.view.xml": 1717412212995,
  "css/style.css": 1717412212995,
  "index.html": 1717412212983
}